<?xml version="1.0" encoding="UTF-8"?>
<vehicles>
    <vehicle>
        <id>Vehicle-1</id>
        <frame>
            <material>plastic</material>
        </frame>
        <wheels>
            <wheel>
                <position>left rear</position>
                <material>plastic</material>
            </wheel>
            <wheel>
                <position>right rear</position>
                <material>plastic</material>
            </wheel>
            <wheel>
                <position>front</position>
                <material>plastic</material>
            </wheel>
        </wheels>
        <powertrain>
            <human/>
        </powertrain>
        </vehicle>
        <vehicle>
            <id>Vehicle-2</id>
            <frame>
                <material>metal</material>
            </frame>
            <wheels>
                <wheel>
                    <position>rear</position>
                    <material>metal</material>
                </wheel>
                <wheel>
                    <position>front</position>
                    <material>metal</material>
                </wheel>
            </wheels>
            <powertrain>
                <human/>
            </powertrain>
        </vehicle>
        <vehicle>
            <id>Vehicle-3</id>
            <frame>
                <material>wood</material>
            </frame>
            <wheels>
                <wheel>
                    <position>right rear</position>
                    <material>metal</material>
                </wheel>
                <wheel>
                    <position>left front</position>
                    <material>metal</material>
                </wheel>
            </wheels>
            <powertrain>
                <human/>
            </powertrain>
        </vehicle>
</vehicles>
